resume_id,predicted_position,previous_designations,key_skills,companies,education
1,Application Developer,"B.E in Information science and engineering, Application Development Associate, Application Development Associate","• Programming language: C, C++, Java
• Oracle PeopleSoft
• Internet Of Things
• Machine Learning
• Database Management System
• Computer Networks
• Operating System worked on: Linux, Windows, Mac

Non - Technical Skills

• Honest and Hard-Working
• Tolerant and Flexible to Different Situations
• Polite and Calm
• Team-Player, C (Less than 1 year), Database (Less than 1 year), Database Management (Less than 1 year),
Database Management System (Less than 1 year), Java (Less than 1 year)","Accenture, Accenture","Kendriya Vidyalaya, Woodbine modern school, B.v.b college of engineering and technology"
2,Software Developer,,"Database (Less than 1 year), HTML (Less than 1 year), Linux. (Less than 1 year), MICROSOFT
ACCESS (Less than 1 year), MICROSOFT WINDOWS (Less than 1 year)

ADDITIONAL INFORMATION

TECHNICAL SKILLS:

• Programming Languages: C, C++, Java, .net, php.
• Web Designing: HTML, XML
• Operating Systems: Windows […] Windows Server 2003, Linux.
• Database: MS Access, MS SQL Server 2008, Oracle 10g, MySql.",,"Shivaji University Kolhapur, Bachelor of Engg in Information Technology, CDAC ACTS"
3,System Engineer,"Senior Systems Engineer, Senior Systems Engineer","Teradata, Mainframe, Teradata, Mainframe, Teradata","Infosys Limited, Infosys Limited","Anurag College of Engineering (Jntuh), Electrical and Electronics Engineering"
4,SQL DBA,"Operational Analyst (SQL DBA) Engineer, Operational Analyst (SQL DBA) Engineer","❖ Operating Environment: […] Windows95/98/XP/NT
❖ Database Tool: SQL Management Studio (MSSQL), Business
Development Studio, Visual studio 2005
❖ Database Language: SQL, PL/SQL
❖ Ticket Tracking Tool: Service Now
❖ Reporting Tools: MS Reporting Services, SAS
❖ Languages: C, C++, PL/SQL, Database (3 years), SQL (3 years), Sql Dba","UNISYS, UNISYS","Indira Gandhi Institute Of Technology, B.Tech in Computer Science and Engineering in CSE"
5,Lecturer,"lecturer, lecturer, lecturer","EARCH ENGINE MARKETING (2 years), SEM (2 years), ACCESS (Less than 1 year), AJAX (Less
than 1 year), APACHE (Less than 1 year)

ADDITIONAL INFORMATION

Technical skills:
Languages: C, C++, Java (J2EE),
Web Component APIS:: Jdbc, Servlet, JSP.
Frameworks: Spring 4 & Struts 2
ORM Framework: Hibernate
Web Development: Html5, CSS3, Java Script, Ajax &JQuery, Angular Js

https://www.indeed.com/r/Ananya-Chavan/738779ab71971a96?isid=rex-download&ikw=download-top&co=IN
https://www.indeed.com/r/Ananya-Chavan/738779ab71971a96?isid=rex-download&ikw=download-top&co=IN


Application Servers: Apache Tomcat,
IDE: Eclipse, Netbeans
Database: Ms-Access, Mysql
Operating Systems: Windows 7, 8, 10
FTP Client: Filezilla
Versioning Tools: Git",oracle tutorials,"MCA, Mumbai University, B.Sc. in Com.Sci"
6,Software Development Intern,"Automation developer, Automation developer","IoT, MySQL, PostgreSQL, D3js, Hadoop and Spark, Gephi, C, C++, HTML/CSS, Java, Python, Javascript","SAP Labs, SAP Labs","M S Ramaiah Institute of Technology, Bachelor of Engineering in Computer Science, Arizona State University"
7,Program Coordinator,"Process Specialist, senior program coordinator, Senior Program coordinator",PMP trained six sigma yellow belt,"Infosys, oracle, Infosys","College Bangalore University, B.COM. in Marketing, Accountancy, sikkim manipal university"
8,QA Tester,"QA Tester, QA Tester, QA Tester","• Languages - Python

• Software/Tools - Selenium, WAF, Sauce Labs, Jenkins, Creo parametric 2.0, Catia V6, Ansys, ANSYS (Less than 1 year), CATIA (Less than 1 year), CREO (Less than 1 year), PARAMETRIC
(Less than 1 year), PYTHON (Less than 1 year), Selenium, Selenium Webdriver, Testing,
Functional Testing, Automation Testing, Regression Testing, Quality Assurance",Accenture,"Sri Venkateswara College Of Engineering, Bachelor of Engineering in Automobile Engineering"
9,Financial Analyst,,"M.S. OFFICE, DOEACC O LEVEL",,"Board of Secondary Education, Government girls High school, Science College, Hinjilicut"
10,Software Engineering Lead,"Team Lead, Team Lead, Team Lead","• Programming Languages: Java & J2EE, PHP, Apache Nifi, SOAP Web Services, Rest Web Services,
Jackson-2
• Framework's: Spring, Hibernate, Junit, Mockito
• Database: MYSQL, SQL Server, Oracle
• App/Web Servers: Tomcat, Apache

• Operating Systems: Windows, Linux
• SKM: Lithium
• Tools: Git, JIRA, Eclipse, putty

Knowledge Purview

• Methodologies and Principles:
◦ Code Generation Tools
◦ Documentation Generation
◦ Inversion of Control
◦ Iterative Development
◦ Object Oriented Programming
◦ Deployment
◦ Agile

Professional Experience

Core Competencies

~ Requirement Gathering
~ Deployment & Support
~ Project Management
~ Software Development Life Cycle
~ Delivery Management
~ Quality Assurance
~ Application / Software Development
~ Liaison & Coordination, database (Less than 1 year), Git (Less than 1 year), Java (Less than 1 year), JIRA (Less than 1
year), life cycle (Less than 1 year)","Microsoft, Microsoft, Microsoft","Jawaharlal Nehru Technology University, Bachelor of Technology in ECE"
11,Subject Matter Expert,"Subject matter Expert, Subject matter Expert","Invoice (5 years), posting. (5 years), TRAINING (4 years)

ADDITIONAL INFORMATION

SKILLS
Invoice processing, Team handling, new joiners training.sap posting,vendor call attend and
resolve the issue,meet SLA tat,working with client tool.","Accenture, Accenture","Khallikote autonomous college, Berhampur university"
12,Sales Manager,Senior Associate Consultant,"Bid management, Sales support, Requirement Analysis, Test Planning and Test execution, Requirement Analysis (Less than 1 year), Sales support (Less than 1 year), Test Planning (Less
than 1 year)","Infosys Limited, Infosys Limited, Infosys Limited",Great Lakes Institute of Management
13,Oracle Forms Developer,"Team member, Team member","* Sincere and Hardworking in nature
* Highly Dedicated towards work

* Efficient Individual and Team Player
* Goal Oriented & Self Motivated

IT Literacy","Oracle, Oracle, Oracle","Sindhi High School, C.B.S.E., Pre University Education"
14,Network Engineer,Senior Analyst,"CSS (Less than 1 year), DHCP (Less than 1 year), HSRP. (Less than 1 year), routing protocols.
(Less than 1 year), Voip (2 years)",Cisco -,"Sumermal Jain Public School, Senior Secondary, HMR Institute of Technology and Management in Electronics and Communication"
15,Preschool Teacher,"Class teacher, Preschool Teacher",Teaching,Oracle Clinical,"R.D.H.S. School, Post Graduate Diploma in Clinical Data Management, R.D.H.S. School"
16,Financial Analyst,"Process associate, Financial Analyst, Financial Analyst","Tally, Excel, Cloud application, Oracle application, Tally","Oracle, Accenture, Oracle","I D S G GOVT. College, B B M in Education, Adhichunchanagiri Institute Of Technology"
17,Senior Automation Test Analyst,"Technology Analyst, Technology Analyst, Technology Analyst","Automation Testing Tools: Selenium WebDriver, Cucumber, Maven, Jenkins, Cyara
Languages/Frameworks: JAVA, Data Driven, Hybrid, Page Object model, SOAP UI, JUnit, TestNG
(TDD), Gherkin language (BDD), Cucumber, Log 4j
Defect Tracking Tools: JIRA, HP ALM
API Webservices Automation Skills: SOAP, REST, HttpClient, SOAP UI, XML, Jmeter, Postman
Test Management Tools: HP ALM, Confluence page
RDBMS: MySQL, Oracle, Mongo DB
Source Control Management: SVN, GIT
Operating Systems: Windows
Domain Knowledge: E-commerce, Financial, Banking, Telecom, Billing, TESTING (9 years), JAVA (3 years), JUNIT (2 years), ORACLE (2 years), API (1 year)",Infosys Limited,"Sri Venkateshwara College of Engineering, Bachelor's in Computer Science"
18,DevOps Engineer,"software engineer, software engineer, Deployed chef for configuration management infrastructure",AWS Devops,"cisco, Cisco, cisco","Sri Venkateswara university tirupati, BSC"
19,Database Administrator,"Co-coordinator of CODE HUNTER at CGC FEST, Co-coordinator of CODE HUNTER at CGC FEST","Good team working ability, Good presentation skills, Confident, Good Inter-Personal and Communication Skills, Keen learner",,"Crescent Public School -  New Delhi, Delhi, Crescent Public School -  New Delhi, Delhi, Bharati Vidyapeeth University -  Pune, Maharashtra"
20,Azure Data Engineer,Software Engineer,"problem solving (Less than 1 year), project lifecycle (Less than 1 year), project manager (Less
than 1 year), technical assistance. (Less than 1 year)","Microsoft, Microsoft, Microsoft",Saurashtra University
21,Senior Software Engineer,"Associate Consultant, Staff Consultant, Senior Consultant","Languages: Core Java, Go Lang, Data Structures & Algorithms, Oracle
PL-SQL programming, Sales Force with APEX.
Tools: RADTool, Jdeveloper, NetBeans, Eclipse, SQL developer,
PL/SQL Developer, WinSCP, Putty
Web Technologies: JavaScript, XML, HTML, Webservice

Operating Systems: Linux, Windows
Version control system SVN & Git-Hub
Databases: Oracle
Middleware: Web logic, OC4J
Product FLEXCUBE: Oracle FLEXCUBE Versions 10.x, 11.x and 12.x, APEX. (Less than 1 year), Data Structures (3 years), FLEXCUBE (5 years), Oracle (5 years),
Algorithms (3 years)","Oracle, Oracle, Oracle","Adithya Institute of Technology, B.E in Computer Science Engineering"
22,QA Analyst,"QA Analyst, Test Analyst, Test Analyst","Functional Testing, Blue Prism, Qtp","Oracle, Oracle, Oracle","Osmania University, B.Sc. in Computer Science, Osmania University"
23,Data Analyst,"Data Analyst Intern, Data Analyst Intern","Languages & Technologies: Python, R, SQL, NoSQL, Predictive Modelling,
Market Basket Analysis, Sentimental Analysis, Clustering, Bash
Scripting (Preliminary), Socket Programming, Java (Preliminary)

• Tools: R Studio, Jupyter, GIT, Sublime, MATLAB, Linux, KVM, Virtual Box,
Open VZ, Oracle SQL Developer, MySQL, MongoDB, Excel, Python (2 years), SQL. (1 year), NOSQL (1 year), R (2 years), Machine Learning (2 years)",Oracle Retail,"Manipal University, B. Tech in Electrical and Electronics in Embedded Systems, Manipal University"
24,Software Engineer,"Associate Consultant, Associate Consultant, Associate Consultant","Languages: Core Java
Front end/GUI Tools programming: Adobe Flex, GWT
Database: Oracle 10g
IDE: Eclipse, FlexBuilder
FrameWorks: Spring(Basics), MVC frame work
Operating System: Windows, Linux, Unix","Oracle Corporation, Oracle Corporation, Oracle Corporation","University College Of Engineering, Bachelor of Technology in Computer Science, Birla Institute Of Technology"
25,Java Developer,"Application Developer, java developer","rogramming Languages :C/C++, angular, java, java servlet, HTML, java script, MySQL, css, jsff.

Operating Systems Linux, Windows, Android

ORM Eclipse Link, Hibernate

Framework & tools :ADF, Eclipse, Android Studio, Git, Selenium, Code blocks, Net beans, R studio,
Tortoise SVN., JAVA (1 year), CSS (1 year), HTML (1 year), MYSQL (1 year), JAVASCRIPT (Less than 1 year),
Angularjs (1 year), Oracle Pl/Sql",Oracle Financial Software Services,"Rashtriya Military School Bangalore, CBSE in Mathematics and English, Rashtriya Military School Bangalore"
26,Android Developer,,"Capable and Hardworking, SQL Oracle -",NIIT,"State Board, Acharya College Chembur, HSC in Computer science"
27,SAP FICO Consultant,"FI/CO Consultant in Tech Mahindra, FI/CO Consultant in Tech Mahindra","Finance
• Financial Accounting- General Ledger Accounting FI-G/L (New GL),
• Accounts Payable-FI-A/P,
• Accounts Receivable FI-A/R","SAP FICO, SAP FICO, SAP FICO","AG&SGS Intermediate College, Degree College, B.com"
28,ITIL Incident and Change Coordinator,"Associate consultant, Associate consultant, Associate consultant",ITIL foundation,"Sap labs, Sap labs","Biju Patnaik University, B. Tech in Electronics and Communication"
29,Systems Engineer,"Systems Engineer, Systems Engineer","Consistent, Hard working, Flexible, Ability to quick grasp the concepts, Destructive Testing (Less than 1 year), FORGE (Less than 1 year), Non-Destructive (Less than 1
year), Non-Destructive Testing (Less than 1 year), quality control (Less than 1 year)","Infosys Limited, Infosys Limited, Infosys Limited","Hr. Sec. School, Tamil Nadu Board Of Education, Velammal Engineering College"
30,DevOps Architect,"Sr Test Engineer, Sr consultant, Architect","Program Management (2 years), Product Management (2 years), Quality Assurance (10+
years), Business intelligence, Devops","Microsoft India, Microsoft India, Microsoft India","Narsee Monjee Institute of Management Studies, PGDBM"
31,SAP Security Consultant,"Systems Engineer, Systems Engineer, Systems Engineer","Operating systems: Windows […] 8, 10.
Languages: C, C++, C#

PROFESSIONAL SKILL SET:

• Good Communication Skills in English and Hindi.
• Ability to work under pressure., SAP Security, SAP Systems: SAP ECC 6.0.
Product Tools: GRC 10.1
Database: Oracle, SQL, RDBMS., SAP Security, SAP Security","Infosys Ltd, Infosys Ltd","Lovely Public Sr. Sec. School, CBSE, Lovely Public Sr. Sec. School"
32,Software Engineer,"Team Member, Team Member, Team Member","• Programming Languages: Python, XML
• Database: Maria-DB, sql
• Cisco Monitoring Tools: EM7
• Operating Systems: Windows/XP
• Reporting Tools: Vportal, Splunk
• Application & Web Servers: Sciencelogic (EM7), Syslog sender, Relay server.
• Data Structure Knowledge: Intermediate, Database (3 years), Python (3 years), Splunk (Less than 1 year), SQL (3 years), xml (3 years)","Cisco, Cisco, Cisco","rajasthan University, Compucom Insitute of Information Technology"
33,Senior System Engineer,Senior System Engineer,,"Infosys Limited, Infosys Limited","REiume Institute of road, Bachelor of Engineering in Information Technology, Foundation Training Program in Networking"
34,Network Engineer,Network Ops Associate,"Microsoft office, Libreoffice, Microsoft office, UART, Understanding of UART, AMBA protocol, coding",Accenture,"Vidyodaya P.U. College, Visvesvaraya Technological University, Srinivas Institute of Technology"
35,SAP ABAP Developer,"Developer, Developer","ANDROID (Less than 1 year), CISCO (Less than 1 year), NETWORKING (Less than 1 year)","SAP ABAP, SAP ABAP","Silver Bells Public School -  Muzaffarnagar, Uttar Pradesh, Paratap Public School -  Karnal, Haryana, MM University"
36,Network Engineer,Technical Support Engineer,"network engineers, Networking, CCNA, knowledge of Active Directory, DHCP, DNS ,
Troubleshooting and fix Network related issues (2 years)",SAP -,"SSVPS’s Late B. S. Deore College of Engineering, BE in computer science"
37,DevOps Engineer,DEVOPS ADMINISTRATOR,"Jira, Ansible, Jenkins, Splunk, Nagios, Docker, Python, AWS, Bamboo, Linux, Git, Chef, Windows,
Powershell Scripting, Atlassian Tools: Jira, Confluence
Configuration Management: Ansible /Chef
CI Tools: Jenkins
Monitoring Tools: Nagios
Cloud: AWS
Containerization: Docker
Build Tools: Bamboo\Maven
Log Tools: Splunk
Databases: RDBMS, MYSQL, Oracle Database
Programming Languages: Python and Java
Scripting: Power Shell
Operating Systems: Windows, Linux family, Redhat Linux
Middleware: Websphere, Tomcat, Websphere MQ","Infosys limited, Infosys limited","Sister Nivedita School, Board of Intermediate education, Secondary School Certificate in education"
38,Network Technician,"Certified Network Associate Training Program, Certified Network Associate Training Program","DHCP (Less than 1 year), DNS (Less than 1 year), EXCHANGE (Less than 1 year), exchange
(Less than 1 year), LAN (Less than 1 year)

ADDITIONAL INFORMATION

SKILLS:-

• Messaging: MS exchange, Lotus client and MS outlook issue coordination to user.

• Users / Share folders creation and permission assigning.

• Networking: TCP/IP, DNS, DHCP, and LAN/WAN.

• Monthly patching update activity and server owner approval / RFC follow-ups.",Cisco,"inDR N.G.P ARTS AND SCIENCE COLLEGE, Bachelor of computer science in computer science"
39,SAP UI5 Developer,"Senior Systems Engineer, Senior Systems Engineer, Senior Systems Engineer","SAPUI5 (2 years), CSS. (2 years), EMPLOYEE RESOURCE GROUP (2 years), ENTERPRISE
RESOURCE PLANNING (2 years), SAP ABAP (2 years)

ADDITIONAL INFORMATION

Technical skills
Languages SAPUI5 (Primary Skill),
ABAP/4, C, C++, HTML, CSS, JavaScript, PHP,
jQuery, Ajax.
ERP SAP R/3 in 4.7, 5.0 (E)
Operating Systems Windows
Database MySQL, Oracle","Infosys Limited, Infosys Limited",
40,Software Test Engineer,"Software Test Engineer, Software Test Engineer, Software Test Engineer","Tools: Manual Testing, Selenium (Selenium IDE, Selenium Web Driver), Eclipse IDE.
Languages: C, Core Java
Database: SQL
Operating Systems: Windows XP, 7, 8
Management Tool: HP Quality Center
Defect Tracking Tool: JIRA","Infosys Limited, Infosys Limited, Infosys Limited","Padmavani High School, Vani Jr college, Kuppam Engineering College"
41,Automation Test Engineer,"Senior software engineer, Senior project engineer, Senior project engineer","LINUX (4 years), UNIX (4 years), ospf (4 years), bgp (4 years), mpls (4 years), ipsec (4 years),
multicast (4 years), l2vpn (4 years), l3vpn (4 years), tcl (4 years), python (2 years)","Cisco, Cisco, Wipro","Rajah college, S.S.C in computer science, PES college"
42,Supplier Data Management Lead,"Senior Analyst -Supplier Data Management, Lead Analyst -SME -Supplier Data Management, Team lead","• Desk Manuals/Business Process & Navigation Documentation
• Business Ethics
• Professional Communication
• Reporting Tools & Microsoft Office Applications, BCP (6 years), Data Governance (6 years), Data Management (6 years), Oracle (6 years),
Reporting Tools (6 years)

ADDITIONAL INFORMATION

Key Skills
• Process Management & Improvement
• Operations & Team Management
• Data Governance & Automation
• Oracle E- Business Systems experience in Supplier Data/Vendor Data management
• BCP Policies & Procedures","Oracle, Oracle, Oracle","Vivekananda PU College, Vivekananda Degree College, Bangalore
University, Bachelors in Commerce (B.Com)"
43,Software Automation Engineer,"Software Automation Engineer, Software Automation Engineer","Uft/qtp,alm/qc,jira,jenkins,automation testing,cicd,service vitualization,uipath



ADDITIONAL INFORMATION

Operating Systems Windows 10 / 8 / 7 / Vista / XP

Domains Banking and Finance

Frameworks Data driven framework, Keyword driven framework

Tools HP-UFT, HP-SV, HP-ALM/QC, SOAP UI, JENKINS, UiPath

Methodologies STLC, Agile and waterfall.

Project Management Tools JIRA

TECHNICAL SKILLS

• 2.5+years of professional experience in SQL.
• Has hands on experience on Oracle DB (Oracle 11g)
• Has extensive knowledge of Testing Procedures and various
phases of Testing Has 2+ years of experience on QC/ALM
• Has 2+ years working experience in API & GUI testing
using HP UFT. Has 4 months of experience with uiPath
• Has 2+ years working experience in SOAP UI.
• Has 1.5+ year working experience on service virtualization using HP SV tool.
• Has 6 months working experience in JIRA during work under agile methodology.
• Has undergone Infosys Training in .Net Testing.
• Has knowledge about CICD (Continuous integration and continuous delivery)

PROJECT UNDERTAKEN

DI-Middleware testing (August 14 -
July 17) Domain- Accounts and customer.
Client- ABN AMRO Bank (Netherland's bank)
Project Name- ESB (Enterprise service bus)
• Tools- ALM, SQL Developer, HP UFT, HP SV, SOAP UI, JENKINS, JIRA.
In this project, we were validating end to end communication of consumer & provider via ESB.
What consumer actually
sent to the Provider and how provider responds to the consumer. Testing included System
Integration Testing,
Regression Testing, GUI Testing and Reports.",,"Meghnad saha institute of technology, B.Tech in CSE"
44,QA Lead,"Senior Software Analyst, Senior Software Analyst, Senior Software Analyst","QA (7 years), TESTING (6 years), ESTIMATION (6 years), AMDOCS (Less than 1 year), BILLING
(Less than 1 year)

ADDITIONAL INFORMATION

SKILLS AND COMPETENCIES
Domain and Functional Expertise Tools and Languages:
• Telecommunications and IPTV Systems • NetCracker, NetProvision, Insight (IISY), HDM (Nokia),
Trouble Ticketing
• Test/QA Lead • Click Schedule, FieldLink, AMDOCS-Ordering, Billing - Product Catalog
• Project Management • IBM - TOCP, Mediaroom, MediaFirst TV3 platform (Ericsson)
• Software Testing and Defect Management • HP QC 10, JIRA, TDP, Accenture Test Estimation Tool
• Lead to Order and Order to Cash Management • Caliber RM (Requirement Gathering),
Confluence, Clear Quest
• Service Provisioning and Activation • Worksoft Certify, QTP, Java, Selenium, SQL, HTML, XML
• Business Analysis (Requirement Management) • Splunk, WinSCP, SOAP UI, Kibana, Wireshark
• Automation • Proficiency in MS Office (Word, Excel, PowerPoint and Visio)","Accenture, Accenture, Accenture","Canossa Convent School, Canossa Convent Girls Inter College, Amity University"
45,System Engineer,"IT Operations Analyst, System engineer","Active Directory (2 years), Microsoft office, Windows,End user computing (3 years)","Accenture, Accenture","Rajiv Gandhi Institute of Technology, Al-Ameen PU College, Visveswaraiah Technological University"
46,Systems Engineer,"Server Support Engineer, Server Support Engineer","active directory, iis, sccm, dhcp, sql, wsus, dns

ADDITIONAL INFORMATION

Computer Skills
● MS Office Tools: MS Excel, MS Word, MS Power Point.
● Hands on experience on all versions of Windows.
● Sound knowledge of internet and networking.
● Coding Languages: C, C++, Java.","Microsoft, Microsoft","KIIT college of Engg., B.tech"
47,Test Engineer,"Test Engineer, Test Engineer, System Engineer","SKILL SET • ASP.NET, C# • QA tools

• Coding and modularization • Excellent communication skills

• VB, VB.net, ASP • Technical specifications creation

• HTML • System backups

• Sql server 2005, Oracle • System upgrades

• Java/C/C++ • Excellent problem-solving abilities

Navas Najeer Koya 3, C# (Less than 1 year), .NET, SQL Server, Css, Html5","Infosys, Infosys, Infosys",Bachelor of Computer Application
48,Management Trainee,fresher job,"Basic Computers knowledge
● Good Understanding of Business Ethics, Operational Research.
● Completed Project Work on working capital with A+ Grade.",Accenture,"Guru Nanak English High School and Jr cllg, H.S.C, Vedanta College of management and information technology"
49,SAP ABAP Consultant,"Consultant, Consultant, Consultant","• Trained on SAP S4 HANA.
• Having knowledge of Code Push down, CDS view and it's consumption in ABAP.
• Data Modeling, creation of different type of views.
• AMDP.
• ADBC connectivity.
• Familiar with SQL, DDL, DML syntaxes.
• Work on Windows 7, Windows XP, Windows 8, Windows 10 OS, can work on C, C++, SAP (2 years), ABAP (2 years), ADBC (Less than 1 year), C++ (Less than 1 year), DATA
MODELING (Less than 1 year)","SAP ABAP, SAP ABAP, SAP ABAP","UPTU. India, Master of Computer Application"
50,Test Engineer,"Test Engineer, Test Engineer, Test Engineer","Technical Experience: - Automation Testing (REST API, Service Virtualization), Functional Testing,
Regression Testing
Manual Testing, Scripting (SQL)
Domain Experience: - Telecom, Banking
Programming & Scripting Languages: - HTML, CSS, XML, SQL, JAVA (Basic), JSON
SDLC Model: -Waterfall, Agile
Testing Tools: - CA LISA, APM (Amdocs Process Manager), SOAP UI, TOSCA, HP-ALM (QC)
Test Management Tools: -JIRA, Quality Center
Other Tools: -SQL Developer, TOAD.
Database: - DB2, SQL, API. (1 year), Scripting. (1 year), SOAP (1 year), UI (1 year), XML (3 years)",Infosys Limited,"Central India Institute, Bachelor in Electronics, State Board"
51,Product Manager,"System Engineer, Software Engineer, Product Development","Platform business model, Behaviour design, Python, Django, Celery, Java, AngularJS, HTML, Bootstrap 3, Shell Script, MySQL, MongoDB,
Ubuntu, Django (6 years), Java (3 years), MongoDB (3 years), MySQL (3 years), Python (6 years)","Infosys, Cisco, Cisco","IIIT, VIT, M.Tech. in IT"
52,PeopleSoft Consultant,PeopleSoft consultant,"• Programming Language: core java, peoplecode.
• Scripting languages: PHP, JavaScript.
• Web Languages: HTML, CSS.
• Database Language: Sql.
• Frameworks: Bootstrap, JQuery.
• IDE's: NetBeans, Eclipse.
• Tools: Application Designer, Toad., Php, Html5, Javascript, Css, Bootstrap, Jquery, Sql","Oracle, Oracle","Vijaya High School, e-commerce, Vijaya composite p.u. college"
53,Software Engineer,"SYSTEMS ENGINEER, INDUSTRY BANKING, SYSTEMS ENGINEER","REST, Angular JS, DOJO, CSS, HTML","CISCO, CISCO","Institute of Road and Transport May, B.Tech"
54,IT Consultant,"Senior System Engineer, Senior System Engineer","• Good communication - written and oral skills
• Excellent conceptual and analytical skills
• Effective interpersonal skills

PERSONALITY
• Communicative • Punctuality
• Creativity • Organized, Java, Jsp, Html, Sql, C++, Javascript","Infosys Limited, Infosys Limited, Infosys Limited","Notre Dame Academy, C.B.S.E., Vellore Institute of Technology"
55,DevOps Engineer,"Configuration Engineer, Configuration Engineer, Configuration Engineer","CHEF, AWS, AWS, weblogic, Docker","Oracle, Oracle, Oracle","Annamacharya Institute of Technology, Annamacharya Institute of Technology, B.Tech"
56,Oracle Applications Principal Consultant,"Principal Consultant, Principal Consultant, Principal Consultant","Extension, PLSQL, BI Publisher Reports, Oracle Reports, AP, HRMS, GL, Conversion, Oracle Apps
technical, Interface, AR, TOAD, OLFM, SQL, FA

ADDITIONAL INFORMATION

Software Skills:

ERP-Oracle Applications 11i, R12
Accounts Receivable, Accounts Payable, Fixed Assets, General Ledger, Oracle Lease and Finance
Management, Purchasing and HRMS (Employee, Assignment, Contacts, Pay methods, Job and
Location)

RDBMS Oracle […]
LANGUAGES C++
TOOLS Toad, SQL Developer, Kintana, Report Builder 6i/10g, Discoverer Admin/Desktop/Plus/
Viewer and BI Publisher","Oracle, Oracle, Oracle","Visvesvaraya Technological University, Dayanand Sagar College of Engineering, Bachelor of Engineering in Engineering"
57,HR & SAP Consultant,"Officer-HR & Administration in H.& R. Johnson (India), Officer-HR & Administration in H.& R. Johnson (India), Officer-HR & Administration in H.& R. Johnson (India)","Front End Tool
Languages
SAP Technologies HR and Administration Functional Module
Database FOXPRO 6.22
Concepts OOP'S, Networking, DBMS, Operating System.
Operating System MS-Dos […] & MS OFFICE 2007, 2008 & 2010, HR (10+ years), SAP (10+ years), APPRAISAL (Less than 1 year), BUYING/PROCUREMENT (Less
than 1 year), DATABASE (Less than 1 year)","SAP, SAP, SAP",
58,Network Administrator,,"✓ ADVANCED MS OFFICE (WORD, POWERPOINT, EXCEL, ETC.)
✓ ADOBE PHOTOSHOP, READER X, ACROBAT, COREL DRAW, MICROMEDIA FLASH ETC.
✓ JAVA NETBEANS, SQL, HTML, CMD PROMPT, ETC.
✓ FAMILIAR WITH ALL SORTS OF WINDOW SETS AND WEB BROWSERS.
✓ ALL KINDS OF UTILITY SOFTWARES AND HARDWARE OPTIONS TO INCREASE EFFICIENCY AND
EFFECTIVENESS IN WORKING.
✓ COMPLETE KNOWLEDGE OF MICROSOFT EXCHANGE SERVER 2012.
✓ CAN DEVELOP WEBSITES BASED ON HTML, PHP ETC.
✓ BASIC KNOWLEDGE OF ANDROID AND MAC APPLICATIONS.
✓ COMPLETE KNOWLEDGE OF SERVER AND CLIENT BASED ENVIRONMENT
✓ BASIC KNOWLEDGE OF MICROSOFT WINDOWS FIREWALL, A computer expert with hardware and software grab.
✓ Administration and Back-end handling (Technical) on overall basis of the Branch.
✓ Convincing people tactfully so as to make the company an option for the user., Firewall (1 year), HTML (1 year), MICROSOFT WINDOWS (1 year), Router (1 year), security. (1
year)","Cisco, Cisco, Cisco","Aptech Institute of Technology, Aptech Institute of Technology, Computer Networking"
59,Software Engineer,"Associate Software Engineer, Associate Software Engineer","Windows and Linux, Eclipse, PyCharm, Databases: Oracle, Mysql, Java, C, C++, Python, Batch, python, java",Oracle India Pvt Ltd,"North Maharashtra University, B.E. in ENC"
60,DevOps Engineer,"Process Associate, Software Engineer, Software Engineer","Scripting Languages: Shell Scripting
Configuration Management: Ansible.
Container service: Docker, Cloud Technologies: AWS

Operating Systems: Linux, Windows.
Version Control Systems: GIT
Automated Build Tools: Maven
Continuous Integration: Jenkins, AWS (3 years), Tomcat, Ansible, git, LAMP, docker, jenkins, Maven, Jira","Microsoft, HCL Technologies -, Disney","Vaughn College of Aeronautics and Technology, Bachelor Of Science"
61,Project Manager,"Associate Consultant, Associate Consultant, Senior Associate Consultant","Soft Skills

Communicator, Innovator, Team Player, Analytical Collaborator. Intuitive

Technical Skills
• Google AdWords, Google Analytics, Inbound Marketing, SEO (On-page and Off- page), SEM,
Facebook Ads and Social
•Project Management, MS Project Professional
Media Campaigns (Content Bucketing)
• Tableau, Microsoft Power BI, SPSS
• MS Office Suite, Advanced Excel, MS SharePoint, Visio, Adobe Photoshop, Pega Marketing and
BPM, Adobe Photoshop (Less than 1 year), Ads (Less than 1 year), BI (1 year), Business Intelligence
(1 year), MS Excel (2 years), presales (1 year), Tableau (1 year), Pega Marketing and BPM (Less
than 1 year), MS Word (2 years), MS Powerpoint (2 years), MS Sharepoint (2 years), Spss (Less
than 1 year), IBM Maximo (Less than 1 year), marketing strategy (2 years), Business Analysis
(2 years), communication and soft skills (2 years), Project Management (2 years), Project
Planning (2 years), Team Management (1 year)","Infosys -  Pune, Maharashtra -, Infosys Limited, Infosys/Offshore Lead",
62,Software Development Director,"Project Lead, Principal Applications Developer, Senior Development Manager","UNIX, Windows, Linux, SQL, PL/SQL, HTML, XML, JAVA, JDK, J2EE, Oracle ADF, Oracle JDeveloper, Relational data modeling, Object Oriented Modeling & Design, UML, SOAP","Oracle Inc, Oracle Inc, Oracle Inc","Nagarjuna University, B.S. in Electronics & Communications Engineering, Texas A&M University -  Kingsville, TX"
63,Technical Sales Consultant,"CES ASSOCIATE CONSULTANT, CES ASSOCIATE CONSULTANT","Lead genearation, Customer Handling, cold calling, Negotiation, upselling, IT sales, outbound
calling, Technical Support, sales forcasting, Software sale, product demonstration, cross selling,
Inside Sales, Technical sales, MS office, software integration, Network Management",SAP ARIBA,"Govt Science College, BACHELOR OF SCIENCE in Electronics, Dayananda Sagar College of Engineering"
64,Software Test Engineer,Software Engineer,"logging, Black Box, SQL, Database, java","Accenture, Accenture, Accenture","pragathi high school, narayana jr.college, vasundhara womens"
65,SAP EWM Functional Consultant,Functional Consultant / WM Lead,"• SAP Knowledge: SAP EWM, SAP WM, SAP SD, SAP MM, SAP AFS, SAP PP, SAP XI
• Computing languages: SQL, MS-Office, Open office, HTML, PHP, Professional competencies
Business /IT Consulting Configuration/ Support Requirements/ Blue print /Gap Analysis
Coding/Debugging Change Management Functional/ Technical Spec Design","SAP EWM, SAP EWM, SAP EWM","Anna University, Bachelor of Technology in Information Technology, Anna University"
66,Escalation Engineer,Working as Escalation Engineer,"SCOM, Orchestrator SCSM, OPERATIONS MANAGER, SCOM, OPERATIONS MANAGER","Microsoft, Microsoft, Microsoft","Pune University, B.E., B.E."
67,Automation Engineer,Technical Support Engineer,"AC (Less than 1 year), Allen Bradley (Less than 1 year), Engineer (Less than 1 year), FANUC
(Less than 1 year), GE FANUC (Less than 1 year)",SAP,"B.E. in Electrical, Govt. High school Yernalli"
68,Java Developer,"JAVA Developer/Senior Systems Engineer, JAVA Developer/Senior Systems Engineer",,"INFOSYS LIMITED, INFOSYS LIMITED, INFOSYS LIMITED","ITM University Gwalior, Bachelor of Engineering in Mechanical Eng"
69,SAP ABAP Developer,"Application Developer, Application Developer, Application Developer","OOPS-ABAP, SAP ABAP, OOPS-ABAP","SAP ABAP, SAP ABAP, SAP ABAP","Anna University Chennai, B.Tech in Technology"
70,Telecom Engineer,,"Domain telecom

Platform-windows

Framework-filezilla, putty, CHANGE MANAGEMENT (Less than 1 year), Configuration Management (Less than 1 year), Git
(Less than 1 year), Incident Management (Less than 1 year), Linux (Less than 1 year)

ADDITIONAL INFORMATION

Operating Systems Windows 7, ubuntu Linux
Configuration Management Git, svn
Incident Management IBM i series 400

Domain insurance

Platform - Windows

Framework-Group Asia

Domian Telecom","ORACLE -, ORACLE -, ORACLE -","CDAC Mohali, CDAC, Android"
71,Mule ESB Integration Developer,"Software Engineer, Software Engineer, Software Engineer","Languages Java, Java Script, PL/SQL, SQL SERVER, HTML, XML,
XSLT
Application Servers J Boss, Apache Tomcat, Web logic, IBM web sphere

Databases Oracle, SQL SERVER

Development Tools MVC, Singleton, Session Facade, DTO, DAO,

Service Locator

SOA Restful Web Service, Soap web service, JAX-RS, XML, JSON, WS
Security, Mule ESB

IDE's/TOOLS Eclipse, Mule Anypoint Studio

Java/J2EETechnologies Java, Servlets, JSP, JDBC, EJB, JMS

Protocols HTTP, FTP, TCP/IP

Version Control tools CVS, SVN, GIT

Build Tool Ant, Maven

Bug Tracking Tools HP Quality Center, Rally

Frameworks Spring, Hibernate, Struts, Spring MVC, Micro Services, EJB, JMS

Operating Systems Windows, UNIX, LINUX, ORACLE (3 years), JAVA (3 years), SOAP (2 years), Subversion (2 years), SVN (2 years)","Arrow Electronics Inc, Cisco Systems, Cisco Systems","Amrita School of Engineering, Bachelor of Technology in Technology"
72,Project Manager,"Technology Lead / Analyst, Project Manager / Technology Lead, Project Manager / Technology Lead",,"Infosys Limited, Infosys Limited, Infosys Limited","Adhiparasakthi Engineering College (Anna University), BACHELOR OF ENGINEERING in ELECTRONICS & COMMUNICATION
ENGINEERING, Great Lakes Institute Of Management"
73,Application Developer,App develop,"Application Development, Software Testing",Microsoft,"VSSUT,burla, Electrical engineering"
74,Product Marketing Manager,,"Project Management, Product Marketing, Campaigns Management, Digital Marketing, Social
Media Marketing, Marketing Operations, Content Marketing, Channels Operations, Marketo
Admin User, Microsoft Office, Cross Functional Marketing, Salesforce, Marketing Programs,
Global Marketing, Marketo, Training",,"Mount Carmel Institute of Management, Post Graduate Diploma in Business Administration in Marketing and
Human Resource"
75,Mainframe Systems Engineer,"Senior Systems Engineer, Senior Systems Engineer","Tools: ISPF, SPUFI, QMF, File-Aid, MainView, Librarian, CA7, Control-M, Xpeditor
• Operating System: Windows 7
• Database: DB2, SQL Server
• Domain: Retail
• Packages: MS office

• Secondary Skills: Java Script, HTML, JSP, Java, Oracle 10g, Unix, CA7 (4 years), DB2 (4 years), QMF (4 years), Cobol (4 years), Mainframe (4 years), Cics (4
years), Rexx (4 years)",Infosys Limited,"S.R high School -  Chennai, Tamil Nadu, Pratibha Junior College, GMR Institute of Technology and Management"
76,Network Engineer,"Associate network engineer, Associate network engineer","BGP (2 years), EIGRP. (2 years), OSPF (2 years), security (2 years), vlan (2 years)

ADDITIONAL INFORMATION

Technical Skills

Network
➢ Switching: CST, PVST, PVST+, RSTP and MST, VLAN, Private VLAN, Trucking, Inter-VLAN Routing,
SPAN/RSPAN, Ether channel or Port Bundling using static and dynamic protocol (PAgP and LACP)
➢ FHRP: HSRP (V1 & V2), VRRP and GLBP.
➢ Routing: Configuration and Troubleshooting Layer 3 Routing protocols such as Static routing,
floating routing, RIP, EIGRP, OSPF, BGP, VRF-Lite and MPLS.

Data Security
➢ Checkpoint Firewall: FW Monitor, TCP-Dumps, Rules, NAT, IPsec VPN, Backup & Restore, URL
filtering, Installation, Migration, Upgradation, ClusterXL etc.
➢ ASA Firewall: Access Control Lists with object, Address Translation, IPsec VPN, LAN-to-LAN VPN,
High Availability in Active-Active & Active-Standby Mode, Redundant interface, SLA Monitoring,
Security Contexts.
➢ IOS Firewall: Standard and extended access list and Zone Based Firewall (ZBF), DMVPN, IPsec,
IPsec over GRE.

Services
➢ Services: ARP, GARP, RARP, DNS, DHCP, FTP, TFTP, TCP, ICMP, TELNET, SSH, HTTP, HTTPS. IP
SLA, NTP, SNMP",TATA Communications Ltd,"Dr. R.M.L.S COLLEGE, H.S.C, R.D.S COLLEGE"
77,Network Test Engineer,"Technical Lead, Technical Lead, Technical Lead","Virtualization VMware-VSphere, DVS, Cisco AVS, Cisco
ACE

SDN Cisco Application Centric Infrastructure
(ACI)

L2/L3 Protocols OSPF, EIGRP, MPLS, VLAN, VXLAN,
STP, RSTP, VPC

Metro Ethernet Protocols Carrier Ethernet protocols EVC, MPLS TP,
PsudoWire, REP

Traffic Generation Tools Traffic tools IXIA Iexplore and Smart Bit

Testing Tools Wireshark and MIB Browser

Network Products Cisco SDN ACI Fabric
VMWare 5.5 and 6.0
Cisco UCSD Orchestration
Carrier Ethernet devices (CPT […]
Cisco Metro Ethernet 2600
Cisco routers GSR 12000, 7600
Data center Virtualization using the ACE
Nexus 5k and ACI 9K switches
Cat 6500 and 3550 Switches, CPT (3 years), Data Center (4 years), Ethernet (3 years), testing (10+ years), Virtualization (7
years)","Cisco, Cisco, Cisco","Dr MGR University Chennai, B.Tech in Computer Science in Computer Science"
78,SAP CRM Functional Consultant,"Quality Engineer, Offshore SAP CRM Functional Consultant, Offshore SAP CRM Functional Consultant","CRM (10+ years), CUSTOMER RELATIONSHIP MANAGEMENT (10+ years), TESTING (10+ years),
UI (10+ years), USER INTERFACE (10+ years)","SAP Labs, SAP Labs, SAP Labs","St. Joseph's convent school, Padmanava College of Engineering, B.E in CSE"
79,SAP ABAP Lead Consultant,"Consultant, Consultant, Consultant","Classical and Interactive Reports
• BDC's, LSMW, BAPI,
• BADI, User Exits
• Data Dictionary objects
• Dialog Programming
• ALE/ IDOCS
• SAP Scripts, Smart Forms
• Possess hands on skill set on SD & MM modules.
• Experience on Unit testing (UT), functional testing (FT), UAT scripts and regression","SAP ABAP, SAP ABAP, SAP ABAP","JAWAHARLAL NEHRU TECHNOLOGICAL UNIVERSITY, B-TECH"
80,UX/UI Designer,"Specialist II, Marketing",,,"Vignan Vidyalayam High School, SSC, Gowtham Jr. College -"
81,Software Development Engineer,"Online Content Writer, Online Content Writer, Software Development Engineer","GIT, HTML, PHP, Web Development, Velocity","Amazon, Amazon, Amazon","Kalinga Institute of Industrial Technology, B.Tech"
82,Oracle Fusion Middleware Technical Consultant,"Technical Consultant, Technical Consultant, Technical Consultant","Oracle, Xml, Oracle MFT, Core Java, Oracle SOA, WSDL, ODI","Oracle, Oracle, Oracle","CHHATTISGARH SWAMI VIVEKANANDA TECHNICAL UNIVERSITY, C.S."
83,Salesforce Developer,"System Engineer, System Engineer, System Engineer","Html, Css, Javascript, Salesforce",Infosys Limited,"St. John's School, National Institute Of Technology, B.Tech in EEE"
84,Senior DevOps Engineer,"Technology Analyst, DevOps Consultant","TECHNICAL SKILLS:
Platforms Windows, Unix, Linux
Scripting Language PowerShell scripting, Shell scripting.
Databases Oracle, SQL Server
Build Tools Maven, Ant, MSBuild, Nant
CICD Tools CloudBees Jenkins, TFS, GIT, SVN, Octopus, Jira, , Sonarqube, MSTest, Nexus,
Artifactory, Cobertura, Ansible","Infosys Limited, Infosys Limited","Saranathan College of Engineering, Bachelor in ""Instrumentation and Control Engineering"""
85,Network Engineer,L1 network engineer,"Architecture (Less than 1 year), BGP (Less than 1 year), DHCP (Less than 1 year), DNS (Less
than 1 year), EIGRP (Less than 1 year)

ADDITIONAL INFORMATION

Technical Skills

• Layer 2 Technologies like VTP, VLAN, STP, and RSTP.
• OSI Architecture, TCP/IP Module
• TCP/UDP, DHCP, DNS
• MP-BGP IPv4/IPv6, VPNv4, VPNv6, RT-Filter, IPv6-Multicats.
• Access-List, Prefix-List, Distribution List, QOS.
• MPLS, L2/L3 VPN.
• GRE, IPSec, DMVPN.
• FTP-Active/Passive, TFTP.
• Configuring and Troubleshooting L2 and L3 Ether channels on Cisco 3550, 3560, 2950 switches.
• IP Addressing, VLSM, Summarization, understanding Lease Line and Dedicated Lease Lines.

https://www.indeed.com/r/Snehal-Jadhav/005e1ab800b4cb42?isid=rex-download&ikw=download-top&co=IN


• Configuring HSRP, VRRP, GLBP on Cisco Routers and Switches.
• VTP & Frame Tagging protocols ISL, Dot1q
• NAT, PAT, NAT-T.
• Strong skills in Configuring Cisco Routers (ASR901, ASR903, ASR900) using ISIS, OSPF, EIGRP
and BGP. A good understanding of working on Small to High E1nd Routers and Switches.
• Comprehensive understanding of networking concepts pertaining to LAN, WAN, Security, IT
communication, WAN protocols, Networking devices administration and maintenance in multi-
platform environments.
• Strong hands-on technical knowledge of Microsoft Operating Systems (Network & Desktop),
establishing & managing networks, Cisco Routers, Hardware clients & switches.
• Expertise in managing medium to large networks with Routers, Switches.","Cisco, Cisco, Cisco","Shivaji University, B.E in Electronics & Telecommunication, Maharashtra Board"
86,Technical Support Engineer,"Technical support engineer, IT SUPPORT","Linux (Less than 1 year), Microsoft Office (Less than 1 year), MS OFFICE (Less than 1 year),
problem solving (Less than 1 year)","Microsoft, Microsoft, Microsoft","State Board, Frankfinn Institute of Airhostess Training, BTEC HNC in Aviation in Hospitality and Travel Management"
87,Technical Support Engineer,Technical Support Engineer,"DBMS, O365, Communication Skills, Exchange 2013, Hospitality, Networking, Computer
Operating, Programming, Computer Hardware, Java, Exchange 2010, Teaching

ADDITIONAL INFORMATION

Skill Set
➢ Excellent communication and interpersonal skills.",Microsoft Corporation,"State Board +2, Frankfinn Institute of Airhostess Training, BTEC HNC in Aviation"
88,Finance Analyst,"Finance Analyst, Finance Analyst","ERP, Microsoft office, ERP, Oracle SQL, Microsoft office, MS OFFICE, Microsoft office",Oracle India Pvt ltd,"Avinashilingam Deemed University, S.B.K.V higher secondary school, Avinashilingam Institute for Home Science & Higher Education for Women"
89,Software Engineer,"software engineer, software engineer, software engineer","Databases (Primary): Teradata, Oracle (SQL, PL/SQL)
• OS: Unix, Windows, Mac OS
• Teradata Tools & Utilities: BTEQ, Muti Load, Fast Load, Tpump, TPT.
• Reporting Tools: BO Reporting, Crystal Report, Universe design tool, BOBJ Migration tool
• Other Tools: Radar, Espresso, SQL Workbench, SQL Developer, ETL Metadata UI, iCheck, Global
deployment tool, Ms office, Power Point, Ms Excel, Workload Automation.
• Applications: Central Station, GitLab, SVN., RETAIL (2 years), RETAIL MARKETING (2 years), TERADATA (2 years), ACCEPTANCE TESTING
(Less than 1 year), APS (Less than 1 year)","Oracle, Oracle, Oracle","CBSE, ODM Pubic school, CBSE"
90,Test Manager,"Sr. Test Manager, QA Manager, Sr. Test Manager","Testing (10+ years), Program Management (10+ years), Automation Testing (10+ years),
Selenium Webdriver (4 years), Project Management (10+ years), Java (10+ years), AWS (10+
years), Cloud Computing (4 years)",,"Kakatiya University, BSC in Computer science, Nagarjuna University"
91,Associate Consultant,"Associate Consultant, Associate Consultant","Associate (Less than 1 year), CSS. (Less than 1 year), HTML5 (Less than 1 year), Java (Less
than 1 year), JavaScript (Less than 1 year)

ADDITIONAL INFORMATION

TECHNICAL SKILL SET:

• Programming Languages: C, Java, JavaScript, SQL.
• Web Technologies: HTML5, CSS.
• Working Platform: Windows, Linux.","Oracle Financial Services, Oracle Financial Services","Convent Girls' High School, SSC, D.G Ruparel College"
92,Principal Engineer,Principal Engineer Technical Staff,"Oracle Apps DBA Release Enginner, Databases: Oracle 9i/10g, MySql
Languages: PL/SQL, Shell Script.
Frameworks and Portals: Oracle ADF
Server side Technology: J2ee,
IDE: Jdeveloper 10.x","Oracle India Private Limited, Company 1","Visveswaraiah Technological University -, B V Bhoomaraddi College of Engg and Technology Hubli, Bachelor of Engineering (Information Science) in Information Science"
93,SAP FI Support Consultant,"FI Support Consultant, FI Support Consultant","Windows, Microsoft Word, Excel, Power point, Tally, SAP, SAP",,"B.com, Maharashtra State Government, Pune University, Indian Institute Of Company Secretory Of India (Appeared)"
94,Senior Software Engineer,SMTS,"side debugging.
• Hands on experience of Visual Studio debugger for debugging on Windows
platform.
• Working experience of Multithreaded applications for more than eight years
• Good understanding of OOPS Design principles and STL.
• Experienced in using various debuggers that include GDB debugger, Eclipse, VC++ IDE, Trace
32, WinDbg, Visual Studio.
• Good knowledge of Big data technologies(Hadoop, Yarn Architecture, map-
reduce, Hive, Sqoop, Hbase, Zookeeper)
• Good experience in Hadoop development and Admin activities.
• Able to understand and review Java and Scala code
• Good Exposure to Software practices, SDLC.
• Good understanding and porting knowledge of framework components.
• Good understanding of multimedia concepts, Audio video synchronization,
AudioOut, AudioIn and video zoom.
• Knowledge of WEBRTC features.
• Good knowledge of video Engine.
• Basic knowledge of MFC, socket programming.
• Good knowledge in programming and operating system concepts.
• Experience in working in a project from product development phase to
commercialization phase.
• Successfully commercialized more than 25 million mobiles spanning across
twenty models.
• Good global work exposure having worked in different work environments.
• Basic understanding of Linux Operating system.
• Experienced in design and implementation of Multimedia Applications for
Mobile handsets.
• Good experience working on Smart Phone platforms(Framework, Middleware
and Application development) having worked on various mobile platforms
SHP, Samsung Bada, Linux, WindowsMobile5.0, SLP, Android and Tizen.
Syam Prasad Devendla
• Good knowledge and understanding of different frameworks for multimedia.
• Good knowledge of multi-threaded programming and IPC mechanisms.
• Excellent interpersonal and communication skills and ability to work in a team.
• Skilled at learning new concepts quickly, working well under pressure, and
communicating ideas clearly and effectively.
• Tools Used: Beyond Compare, Samsung memory leak tool, and Samsung code
coverageTool, VS 2005 Remote Tools, KlocWork, WinShark and Ethereal.
• Experienced in working with configuration tools like VSS, Perforce, and Clear
Case.

• Operating Systems: Windows, Ubuntu Linux
• Mobile Platforms: SHP, Bada, Linux, WindowsMobile5.0, SLP and Tizen
• Technology: Multimedia, Content, Mobile Applications
• Languages: C, C++(Data Structures, Design Patterns, STL)
• Tools: Eclipse, VS2005, VS2010
KlocWork, Clear case, Perforce, .NET (Less than 1 year), ALGORITHMS (Less than 1 year), ALSA (Less than 1 year), ANDROID
(Less than 1 year), APACHE HADOOP HDFS (Less than 1 year)

ADDITIONAL INFORMATION

Core Competencies

• Extensively worked in C, C++
• Good understanding of Data Structures and Algorithms
• Good understanding and knowledge of BI Analytics of OBIEE.
• Codes at HackerRank.com and am a 4 Star Rank coder in algorithms, coded
using C++ STL
• Hands on experience of GDB Debugger for Core dump analysis and Server",Oracle India,"Nagarjuna University, Bachelor of Technology in Electronics and Communications, CDAC"
95,Quality Assurance Engineer,,"Databases: Oracle &SQL Server
Operating System: MS-DOS, Windows 98/XP &UNIX, Windows 7
Languages: C, C++
Testing Tools: Q.T.P, Win Runner7.5, Load Runner 9.5
Networking: Hands on Experience On Cisco devices, AAA, TACACS, RADIUS, VPNs
Security: Security scans using Nessus and Retina tools, Penetration
testing using Proxy and SSL scans, GAP Analysis using CSERV, Gap Analysis (5 years), Nessus (5 years), Security (5 years), SSL (5 years), testing (5 years)","Cisco SystemsIndPvtLtd, Cisco SystemsIndPvtLtd","Jawaharlal Nehru Technological University, M.Tech in Power Electronics and Instrumentation Engineering, Pondicherry University"
96,Sales Director,"Business Development Rep, Account Manager, Account Manager",,"Oracle, Oracle, Oracle","College of Engineering, B Tech Honors in Technical"
97,Software Developer,Software developer,"Analytics, Research",Microsoft,"Shri gnanambika degree college, Bsc"
98,Quantitative Analyst,"Software Engineer, Software Engineer, Quantitative Analyst","Programming • JAVA, C++, C, Matlab, SQL

Operating System • Windows, Linux",Tavant,"Indian Institutes of Technology IIT Kanpur, Bachelor of Technology in Civil Engineering, University of Chicago"
99,SAP Basis Consultant,SAP as a Consultant,"JAVA (6 years), ORACLE (6 years), SAP (6 years), ABAP (Less than 1 year), ACCESS (Less than 1
year)","SAP Basis, SAP Basis, SAP Basis","TVS Lakshmi Matriculation Higher Secondary School, SSLC, TVS Lakshmi Matriculation Higher Secondary School"
100,Identity and Access Management Engineer,Technology Analyst,"SECURITY (5 years), INFORMATION SECURITY (5 years), ACTIVE DIRECTORY (3 years), UNIX
(Less than 1 year)

ADDITIONAL INFORMATION

TECHNICAL SKILLS

● Operating Systems: Windows, Solaris
● Languages: Python, Core Java, SQL, Unix
● Software: Sailpoint IIQ, Oracle IAM, Beeline, SAP, Active Directory, Phantom, Quest change
auditor, Microsoft Office Suite
● Information Security: Concepts and best practices","Infosys Limited, Infosys Limited, Infosys Limited","GLA Institute of Technology and Management, Bachelor of Technology in Electronics and Communication Engineering"
101,Automation Test Engineer,"Lead Engineer, Lead Engineer, Lead Engineer","Programming Languages Python, TCL, Power Query, SQL, Shell Scripting, C#
Concepts Networking, WAAS (Wan Optimization), WAAS on Router, WAE(Wide Area Engine),
WCCP Protocol,
Automation Framework ATS (Automated Test System), Selenium Testing Framework
IDE(Integrated Development Environment) Eclipse, Pycharm, Pydev[Plugin for eclipse IDE]
Software
Eclipse CDETS & Rally (Bug Tracking), eARMS (Regression testing), ACME(Versioning),
TIMS(Reporting), HTMLTestRunner, Power Query(Automation), ARAS PLM(Product Lifecycle
Management), AML Studio (adaptive markup language)

Operating Systems Windows XP/10, Linux, optimization (2 years), Python (4 years), router (4 years), TCL (4 years), Testing (4 years)","Cisco Systems, Automation & Testing, Cisco Systems","Day Adventist Matric Hr.Sec School, ANNA University, B.E in CSE"
102,Maximo Consultant,"Maximo Consultant, Maximo Consultant, Maximo Consultant","Reporting Tools BIRT, Cognos (Basics)
Database Oracle

Operating Systems Windows
Languages SQL, JavaScripting
Web Technologies Tools HTML SQL Developer, Eclipse, CODA (4 years), Cognos (4 years), Database (4 years), Eclipse (Less than 1 year), IBM COGNOS
(4 years)","Infosys Limited, Infosys Limited, Infosys Limited","Government Boys Higher Secondary School, Nandha Engineering College, Bachelor of Engineering in Electronics and Communication in Electronics
and Communication"
103,SAP PI/XI and Dell Boomi Developer,"Developer, Developer, Developer","Responsibility and patience to do work assigned by superiors., Good knowledge about Technology and interest towards new learning., Proficiency in Communication skills, Positive attitude, Initiative, Leadership Qualities and Team spirit, C+ (Less than 1 year), Citrix (Less than 1 year), integration (2 years), INTEGRATOR (2 years),
Java (2 years)","Infosys Limited, Infosys Limited","Hosanna National High School, Vidya Bharati Institute Of Technology -  Hindupur, B. Tech in ECE"
104,SharePoint Architect,"Microsoft InfoPath Designer, Microsoft InfoPath Designer","Languages and Software
C, C#.net, Asp.net MVC 5, Entity Framework 6, Microsoft Office, Microsoft SharePoint 2010,
Microsoft SharePoint 2013, Microsoft, SharePoint Designer, Microsoft Visual Studio 2008,
Microsoft Visual Studio 2010, Microsoft Visual Studio 2012, InfoPath, HTML, CSS, JavaScript,
jQuery, SharePoint Apps using MVC and KnockoutJS, Nintex forms and Workflows, Azure

MSBI SQL Server 2008, SQL Server 2012, SSIS, SSRS
Operating System Windows Family, MICROSOFT SHAREPOINT (7 years), SHAREPOINT (7 years), .NET (6 years), MICROSOFT VISUAL
STUDIO (6 years), VISUAL STUDIO (6 years)","Microsoft SharePoint -, Microsoft SharePoint -, Microsoft SharePoint -",
105,Software Engineer,,"C++, Hacking, Programming","Apple , Google, Microsoft -","KGISL, BCA,MBA"
106,Technical Support Specialist,"Tech Support Executive, Tech Support Executive, Tech Support Executive","Microsoft office, excel, cisco, c language, cbs. (4 years)","Teleperformance for Microsoft, Teleperformance for Microsoft","GNIT institute of Technology, Bachelor of Technology in Electronics & communication Engg"
107,Operations and Logistics Manager,head of operation and logistics,"• Good Communication Skill
• Sincere
• Hard working
• Leadership skill
• Pleasing personality
• Problem solving capability, PROBLEM SOLVING (Less than 1 year)",,"Madurai Kamaraj University, B.Com in Computer Application"
108,Software Developer,,"Skills: JAVA, C#, WPF, XAML, Robot Framework, Scrum, Guice, ATDD, SOA, Fixed Income, CoreNLP,
SOLID
programming, OOPs, NLP, Microservice architecture., C# (Less than 1 year), Java, OOPs, Guice, Microservice architecture, Software Development,
XAML, ATDD, SOLID, SOA, Scrum, Robot Framework, TDD",,"GGSIPU, B.Tech(Computer Science) in CSE"
109,Digital Marketing Manager,"SELF EMPLOYED, SELF EMPLOYED","EXCHANGE (Less than 1 year), HTML (Less than 1 year), KITCHEN (Less than 1 year), LINUX
(Less than 1 year), VMWARE (Less than 1 year)",,"Nitte Meenakshi Institute of Technology, Bachelor of Engineering in Digital Marketing"
110,Voice and Accent Trainer,"Sales Associate, Voice and Accent Trainer",,Shuttl,"amity, masters in journalism and communication in mass comm client servicing, Masters in journalism and communication"
111,Application Developer,App develop,"Application Development, Software Testing",Microsoft,"VSSUT,burla, Electrical engineering"
112,Technical Project Manager,"Technical Lead/Operations Manager, Technical Project Manager, Technical Project Manager",,"Microsoft -, DELL EMC","Osmania University, BSc"
113,Arabic Language Content Analyst,"Arabic Language Trainer, Arabic Language supporter (Content Analyst)","ENGINEER (4 years), TESTING (Less than 1 year), UI (3 years), USER INTERFACE (Less than 1
year), ANALOG (Less than 1 year)","Wipro
Technologies.",Master's
114,Event Coordinator,"Chief Coordinator of LEAR, Chief Coordinator of LEAR, Chief Coordinator of LEAR",,"Microsoft, Microsoft","Calicut University, MBA in marketing-tourism"
115,Technical Architect,"Technical Architect, Technical Architect, Technical Architect","Azure (8 years), Asp.Net (8 years), C# (9 years), Web API (6 years), Sql (6 years), Technical
Architect (5 years), Automation Testing (5 years)","Microsoft, Microsoft, Microsoft","C-DAC, Bachelor of Engineering in Microsoft"
116,"Project Manager, Readiness Operations","Microsoft Partner Readiness Operations Project Manager (APAC), Microsoft Partner Readiness Operations Project Manager (APAC)",,"Microsoft GPS, Microsoft GPS","NMKRV College, Bangalore University, Bachelor's in Commerce"
117,Front Office Executive,Front Office Executive,"Ability to work with team.
❖ Good communication skills.
❖ Good inter-personal skills.
❖ Positive Attitude.
❖ Hard & Smart Working.
❖ Building good relationship with people.
❖ Ability to work under tough situation.
❖ Self-Motivator.","Microsoft, Microsoft, Microsoft","JAIN COLLEGE, B.COM"
118,Software Engineer,"software, software",,"Microsoft,Infosis, Google, Microsoft,Infosis, Google","Trinity engineering college, btech"
119,SDET Lead,Consultant SDET,"Automation, Testing, Mobile Testing, SDET, Scrum Master",Microsoft,"Anna University, Bachelor of Computer Science in Computer Science Engineering, Product School"
120,Security Officer,security officer,"computer and firesafety, Telugu Hindi movie and English, cricket valiball","Microsoft, Microsoft",
121,SAP SD Management Consultant,"SAP SD lead, SAP SD lead, SAP SD lead",Sap Sd (7 years),"Microsoft, Microsoft, Microsoft","Shri Vaishnav Institute of Technology and Science, RGPV University, Bachelor of Engineering in Electronics and Communication, IIT Roorkee"
122,Operations Center Shift Manager,"Service Desk Analyst, Operations Center Shift Manager (OCSM), Operations Center Shift Manager (OCSM)","SKILLS • Ability to build teams and motivate them towards team goals
• Effective Communication skills
• Able to handle and overcome objections
• Ability to work effectively in a team environment
• Ability to adapt to the changes in organization along with successful
implementation of the change in the system","SITEL -, Microsoft India -, Microsoft India -",
123,Analyst Programmer,"Volunteer Contestant, Yappon, Volunteer Contestant, Yappon",,Microsoft,"Christ University Faculty of Engineering, B.Tech"
124,Office Assistant,JavaTally,,,br day public school
125,SQL and MSBI Developer,"Assistant Consultant, SQL and MSBI Developer","Sql Server, Ssis, T-SQL, ETL, SSRS",TCS,"East Point College of Engg. & Tech., Bachelor of Technology in Branch"
126,Senior Sales Executive,Senior Sales Executive,,Nokia & Microsoft mobile,"Surendranath college Barrackpore, B.com"
127,Software Test Automation Engineer,"Software Test Automation Engineer, Consultant, Software Test Automation Engineer","C# (Less than 1 year), Database (Less than 1 year), Java (Less than 1 year), JIRA (Less than 1
year), load runner (Less than 1 year)

ADDITIONAL INFORMATION

Key Skills:

• Programming Languages: C#, Java
• Automation Testing: Selenium Webdriver, Xamarin.UITest, Protractor, Speflow
• Performance Testing: HP Load Runner (True Client protocol)
• Software Testing: Test Scripts, Test Case Design, Test Summary
• Platform: Windows.
• Database: SQL Server 2012, Oracle
• Management tools: JIRA, HP Quality center; vsts.",Neudesic (Vendor @ Microsoft),"SR ENGINEERING COLLEGE (SREC), Bachelor (B Tech) in Name of the Education Establishment"
128,HVAC Technician,"HVAC Technician, HVAC Technician",Hvac tech (3 years),"Infosys and microsoft, Infosys and microsoft","Gtti -, Diploma in Mrac"
129,Technical Support Executive,"Technical Support Executive, Technical Support Executive",,"Nokia and Microsoft -, Teleperformance","Jaipur Engineering College and Research Center, B. Tech"
130,Online Data Entry Clerk,online job in home,Microsoft office and java (Less than 1 year),"Microsoft, Microsoft","chandigarh university, pass 12 in medical"
131,Database Administrator,DBA Client,"PERL (10+ years), SCRIPTING (10+ years), SQL (10+ years), DATABASE (10+ years), SHELL
SCRIPTING (10+ years)",,
132,Program Manager,"Sr. Program Manager / Product Owner, Architect, Consultant, Program Manager,","Datawarehouse / Business Intelligence (10+ years), Agile Methodologies (6 years), Program
Management (2 years), Agile (10+ years), Product Roadmap (2 years), Stakeholder
Management (10+ years), Risk Management (10+ years)","Microsoft, Microsoft, Microsoft","Narsee Monji, PGDBM in Business Management"
133,Major Incident Manager,"Major Incident Manager / Escalation Manager, Major Incident Manager / Escalation Manager, Major Incident Manager / Escalation Manager","ACTIVE DIRECTORY (2 years), EXCEL (2 years), EXCHANGE (2 years), INCIDENT MANAGEMENT
(2 years), OPERATIONS (2 years)","Microsoft India, Microsoft India","Osmania University, B.Sc in Electronics, Osmania University"
134,Developer Support Engineer,Developer Support Engineer,"C, C++, Data Structure, Java (1 year)","Microsoft, Microsoft","Microsoft Virtual Academy, Certificate of Achievement"
135,Beta Tester,Beta Tester,"Typewriting, Editing",Microsoft & Xiaomi,"Bhagabati Nodal High School, Still Studying"
136,Office Assistant,,"ms office, internet,java (Less than 1 year), ms office, ms office",,"Degree,BSc(MECs) 2nd year, ards collage kadapa"
137,Data Entry Operator,Data Entry Operator,,Microsoft,"Magadh univercity, BSc in Computer, Magadh univercity"
138,BI/Big Data/Azure Architect,Software Engineer,"problem solving (Less than 1 year), project lifecycle (Less than 1 year), project manager (Less
than 1 year), technical assistance. (Less than 1 year)","Microsoft, Microsoft, Microsoft",Saurashtra University
139,Technical Support Engineer,IT SUPPORT,"Linux (Less than 1 year), Microsoft Office (Less than 1 year), MS OFFICE (Less than 1 year),
problem solving (Less than 1 year)

ADDITIONAL INFORMATION

Skill Set
➢ Excellent communication and interpersonal skills.
➢ Proficient in Computer Applications -Microsoft Office Windows (Windows 2007, XP, 8, 8.1 and
Windows 10), Linux, Fedora.
➢ Strong analytical and problem solving skills.
➢ Ability in managing a team of professionals and enjoy being in a team.",,"Frankfinn Institute of Airhostess Training -, BTEC HNC in Aviation in Hospitality and Travel Management, Vivekananda Engineering College for Women"
140,Software Developer,,,,"sunder deep group of institution, b.tech in computer science"
141,BI Developer,"Developer, Developer","SKILLS ETL: Microsoft SSIS
Reporting: Power BI
Database: MS SQL SERVER 2016
Languages: SQL, PL/SQL, BI (1 year), BUSINESS INTELLIGENCE (1 year), DATABASE (1 year), ETL (1 year), EXTRACT,
TRANSFORM, AND LOAD (1 year)","Microsoft, Microsoft, Microsoft","GRAPHIC ERA UNIVERSITY, B.TECH in Engineering"
142,Software Engineer,Typing work,Specilization,Microsoft,"IIT Delhi, B-tech (CSE)"
143,Chief Operations Officer,Delivery Specialist,,Microsoft,"Osmania University, Bachelor of Commerce in Commerce business management"
144,Software Developer,"Software developer, Software developer","C++, Html, Javascript, Software Development",Microsoft,"DAVV, BE"
145,.NET Developer,Microsoft Student Partner,"Programming Languages C# .NET, CPP, C

Web Development ASP.NET, HTML, CSS, JavaScript



Tools used MS visual Studio v2013, MS SQL Server v2008

Operating Systems Windows 10 / 8.1/ 7

Databases MS-SQL, .NET (3 years), ASP (1 year), ASP.NET (1 year), C# (1 year), databases. (1 year), C++, Css,
Javascript, Html, C","MICROSOFT, MICROSOFT","Sinhgad Institute, B.E"
146,Sales Consultant,"I Phone solution Consultant, I Phone solution Consultant",,MICROSOFT,Periyar University
147,Technical Consultant,Technical consultant,"Expertise in Microsoft Office Power Point, Microsoft Office Word.

❖ Basic knowledge about C and C++ Programming.

❖ Management skills.
❖ Responsible.","Microsoft, Microsoft, Microsoft","SRM University, B.Tech in Engineering"
148,Python Developer,"Python Developer, python developer",,,"affiliated -  Kota, Rajasthan, BCA, Mongo"
149,Administrative Assistant,Software,"• Ms Excel
• Microsoft word 2010, EXCEL (Less than 1 year), MICROSOFT WORD (Less than 1 year), MICROSOFT WORD 2010 (Less
than 1 year), MS EXCEL (Less than 1 year), WORD (Less than 1 year)","Microsoft, Microsoft","Periyar University, B.SC"
150,Auditor,Space auditing,"Good listener,take up responsibilities,good at communication,great at taking
challenges,excellent in various sports like soccer,cricket,kabbadi,cycling,running,swimming,
fluent in English,kannada, known languages hindi,tail,telugu",Microsoft,Vijaya main
151,Data Entry Operator,Data Entry Operator,,Microsoft,"Magadh university, BSc in Computer Science"
152,Operations Analyst,"Microsoft Student partner, Microsoft Student partner","SKILLS SQL
MS Excel
HTML
Javascript, EXCEL (Less than 1 year), HTML (Less than 1 year), JAVASCRIPT (Less than 1 year), MS EXCEL
(Less than 1 year), SQL (Less than 1 year)","Microsoft, Microsoft, Microsoft","Gandhi Institute of Science And Technology (GITAM) University, B.Tech in CSE"
153,Azure Architect,"Software Developer, Architect, Azure Developer","Microsoft Technologies C#.Net, WPF, WCF, ASP.Net MVC, Web API, Biztalk Server 2013
Cloud Azure
Version Control Git, VSTS, SVN, IBM Rational Clear Case
Scripting PowerShell
Unit Test MOQ, VS Test, Microsoft Fakes, N-Unit, WPF (Less than 1 year), Web API, Azure, ASP.Net MVC, Design Patterns, WCF, C#","Microsoft, Microsoft, Microsoft",MCA
154,HR Manager,Cluster HR Manager,"HR (9 years), COMPENSATION (1 year), RECRUITMENT (1 year), DETAIL ORIENTED (Less than 1
year), DOCUMENTATION (Less than 1 year)



ADDITIONAL INFORMATION

CORE COMPETENCIES
• Performance Management
• Recruitment & Retention
• Training & Development
• HR Policies & Procedures
• Employee Exit
• Confidential Record Keeping
• HR Department Start-up
• Event Management
• On-boarding, Orientation & Induction
• Employee Counselling
• Attendance & Leave Management
• Team Building and Morale building
• Process Documentation
• Payroll & Compensation

TECHNICAL EXPERTISE
• Well versed with Microsoft Office (Word, Excel & Power Point)
• Microsoft Project
• Lotus, outlook and internet job portal applications.

PERSONAGE ELEMENTS
• Analytical & Critical thinking
• Compliant & Adaptive
• Detail Oriented
• Flexible
• Honest & Hardworking
• Leadership
• Logical
• Versatile
• Work Ethic","Velammal New, Velammal New","Kerala University, B.B.A in UIT"
155,MIS Executive,Senior Executive (MIS & Audit),,"LabourNet Services India
Pvt Ltd","V V Pura College of Science, BSc, BSc"
156,Jr. Software Tester,"Jr. ASP.NET Developer, Jr. ASP.NET Developer, Jr. ASP.NET Developer","Technical skillset:
• Manual Testing Techniques
• Web Application testing
• STLC (Software Testing Life Cycle) process
• Verification and Validation process
• Programming Language: Software Testing, ASP.Net with C#

• Frameworks: Microsoft Visual Studio 2010, Frameworks 3.5, Frameworks (C#) 4.0, 4.5
• Database tools: MySQL, SQL Server 2008, SQL Server 2010, MS-Access 2008
• Report generation Tool: Crystal Report, ASP (1 year), ASP.NET (1 year), MS ASP (1 year), SOFTWARE TESTING (Less than 1 year),
TESTING (Less than 1 year)",,"Gujarat University, B.C.A, KSV University"
157,Project Manager,,"REMEDY (3 years), CLARIFY (Less than 1 year), EXCEL (Less than 1 year), MS OFFICE (Less than
1 year), OUTLOOK (Less than 1 year)

ADDITIONAL INFORMATION

Skill Set:

• Systems: Windows […] 10)
• Software: MS Office (Word, Excel, Outlook, PowerPoint), Clarify, SRMS Remedy V6 (Advanced),
Remedy V7.4 (Proficient), Remedy 7.5, MORI, GCD, LOCM, GTOMS, Webex, Smartsheet.","Partner Sites Infosys, Concentrix, Merchants and Convergys

Collabera Technologies- Client- Cisco Systems, Inc","Administrative Management College Bangalore University, achelor of Computer Application in Computer Application"
158,Client Services Intern,Intern,Linux,Allscripts,"Maharashtra Institute of Technology, Btech"
159,DevOps Consultant,"DevOps Consultant, DevOps Consultant, DevOps Consultant",".Net (Less than 1 year), .Net 4.5 (Less than 1 year), Amazon Elastic Block Storage (Less than 1
year), Amazon Elastic Compute Cloud (Less than 1 year), ASP (Less than 1 year)","Tech Mahindra Ltd, Tech Mahindra Ltd, Tech Mahindra Ltd","Andhra University, B.Sc. in M.P.C, Nagarjuna University"
160,Mail Room Executive,"TCS Security guard, TCS Security guard",,"TCS Hinjewadi Mail
Room Boy & HK Store","Board (university), SSC"
161,Program Manager,"2001, Program Manager (Software Delivery), Program Manager (Software Delivery)","MENTORING (5 years), TRAINING (5 years), PROGRAM MANAGER (2 years), PROJECT
MANAGEMENT (2 years), CHANGE MANAGEMENT (Less than 1 year)

ADDITIONAL INFORMATION

Skills Project Management, People Management, Stake Holder
Management, Vendor Management, Project Planning Scheduling and
Implementation, Risk Analysis, Cross-functional supervision, Team
building and mentoring, Change Management, Escalation Handling,
Change Management, Quality Assurance, Training & Presentations.
Resume - Program Manager","Office Beacon, Office Beacon","Kerala State, Kerala State, Higher Secondary Certificate"
162,No information exists on the resume to predict a job title.,"Member of Discipline Committee in ALGORYTHM, Member of Discipline Committee in ALGORYTHM",,"INFOSYS, INFOSYS","Chitkara University, B. E. in CSE"
163,SAP Business Objects Consultant,Technology Consultant,"Soft Skills:
• Cross Cultural Sensitivity
• Written Communication Skills
• Articulation Skills
• Effective Meetings",EIT Services India Private Limited,"Sri Venkateswara College of Engineering and Technology Affiliated -, B.Tech in Electronics and Communication Engineering"
164,Customer Service Manager,"Escalation Specialist, Escalation Specialist",,HiPower Support Centre,"PES College of Engineering -, B.E"
165,Travel Operations Manager,"Senior Travel Operations, Senior Travel Operations","AMADEUS (3 years), CLIENT MANAGEMENT (3 years), EXCEL (3 years), MS WORD (3 years),
WORD (3 years)","International Travel House Limited, International Travel House Limited, International Travel House Limited",B.B.A in Airport & Customer Care Management
166,Inventory Manager,"Store Executive, Store Executive, Store Executive","Storekeeping / Inventory Management / Purchase (2 years), People & Time Management (2
years)

ADDITIONAL INFORMATION

Competencies

❖ Effective communications skills, excellent interpersonal skills, good time management skills,
results-oriented individual and a very good team player.
❖ Sincere, hardworking and willing to take up challenging assignments.",,"S.N.G College, Bharathiar University, B.Sc. in Microbiology in Microbiology, Orange City Hospital & Research Institute"
167,Production Support Lead,"Global Production Support Lead,, Global Production Support Lead, Global Production Support Lead","MENTORING (10+ years), SCHEDULING (9 years), ORACLE (9 years), SOLUTIONS (9 years),
BENEFITS (4 years)","Infosys Ltd, Infosys Ltd","Technical Board of Education Bombay, Diploma in INDUSTRIAL ELECTRONICS, Amravati University -  Amravati, Maharashtra"
168,Trainer - Core Banking Solutions,"Trainer-Finacle-Core Banking Solutions, Trainer-Finacle-Core Banking Solutions",,"Infosys, Infosys, Infosys",
169,Technical Architect,"Senior Professional Technology Analyst, Technical Architect","Operating Systems Windows and Unix
Configuration management tools TFS and VSTS
Programming Languages VB, ASP, VB.net, C#, JavaScript, Jquery and Angular JS (Starter), CRM
Frontend HTML and .Net
Middleware MVC and WCF
Database SQL Server and Oracle
Content Migration tools Metalogix and Sharegate
Automation PowerShell and VSTS

DOMAIN EXPERIENCE
Insurance 10 Years
Engineering 3 Years
Banking 2.5 Years, NET (Less than 1 year), ASP (Less than 1 year), DATABASE (Less than 1 year), MS SQL SERVER
(Less than 1 year), SQL (Less than 1 year)","IBM, CSC","Nagarjuna university, B.Sc in Maths, Physics and Computers, affiliated college of Andhra University"
170,HR Executive,"Oceanic Consultants, Oceanic Consultants, Oceanic Consultants","Technical Skills



OS Windows XP, Vista
Others Microsoft word/excel/power point, Basic computer skills, Tally","HR Executive, HR Executive, Oceanic Consultants",
171,ETL Developer,"Associate, Associate","Oracle Pl/Sql (6 years), Facets (3 years), Hadoop (1 year), healthcare (4 years), Informatica (6
years)

ADDITIONAL INFORMATION

Technical Skills:

Operating System Unix and Windows
Programming languages Unix Scripting, SQL and PL/SQL, Core Java, Basics of Python
Databases and Tools Informatica Power Center, Oracle, Hadoop and Spark
Other Utilities SVN, Jira
Scheduling Tools Tidal and Control-M
Cloud Technology Microsoft Azure
Domain Knowledge Retail, Healthcare, Banking",Cognizant technology Solutions,"BPUT, B.Tech in Electronics and telecommunication"
172,Software Engineer,"Sr. Systems Engineer, Sr. Systems Engineer","Java, SQL, J2EE, Sping, Hibernate, JavaScript, HTML, CSS

ADDITIONAL INFORMATION

Serving notice period","Infosys Limited, Infosys Limited","Chhattisgarh Board of Secondary Education, C V Raman University Bilaspur, Bachelor of Computer Applications in Computer Applications"
173,Mainframe Developer,,"Mainframe,COBOL,JCL,DB2,IMSDB,IMSDC",Infosys,"Panimalar Engineering College, B.E"
174,Test Engineer,"Test Engineer, Test Engineer",,"Infosys Ltd, Infosys Ltd","Bharathiyar University, B.Sc. in Computer Science"
175,Assistant Business Development Manager,Sales and marketing specialist,"Excel (Less than 1 year), Word (Less than 1 year)",Sun infosys,Bachelor's
176,Electrical Engineer,"Engineer / Electrical Supervisor,, Engineer / Electrical Supervisor,, Engineer / Electrical Supervisor,","40 WPM (Less than 1 year), AUTOCAD (Less than 1 year), EXCEL (Less than 1 year), MS EXCEL
(Less than 1 year), MS OFFICE (Less than 1 year)

ADDITIONAL INFORMATION

SOFTWARE SKILLS
• Completed successfully MS-CIT MS Office - Basic Computer Course (MS Word, MS Excel, MS
Power Point & Internet) AutoCAD in Electrical



• Good English, Marathi, & Hindi Typing Skills (30-40 Wpm)","Site at Shendra MIDC Aurangabad -
Perkins India Ltd","Nagpur Polytechnic -  Nagpur, Maharashtra, Diploma in Electrical Engineering"
177,Software Engineer,,"C++ (6 years), LINUX (6 years), .NET (2 years), VISUAL STUDIO (2 years), JAVA (1 year)

LINKS

http://www.linkedin.com/in/ajayelango

ADDITIONAL INFORMATION

TECHNICAL SKILLS

Programming Languages: C++(98/11), Java, Python, C, JavaScript, MATLAB, SQL, C#, PHP
Software Tools: Microsoft Visual Studio, Eclipse, gdb, ddd, TotalView Debugger,
Hoops 3DGS, OpenGL, IBM ClearCase, GitHub, vi editor, JIRA, Trello
Board, Valgrind, Perforce, LabVIEW, Visio, Enterprise Architect, gedit
Operating Systems: Linux, Windows
Databases: Oracle […] Microsoft SQL Server, IBM DB2",,"Amrita School of Engineering -, Bachelor of Technology in Electronics & Communication Engineering, Georgia Institute of Technology"
178,Process Executive,"Senior Process Executive, Senior Process Executive","HTML (Less than 1 year), MS OFFICE (Less than 1 year), Tally (Less than 1 year)

ADDITIONAL INFORMATION

COMPUTER SKILLS
Packages: MS Office, HTML, TALLY",STAR India,"S.V University, B.Com in C.A"
179,System Administrator,,"active directory (Less than 1 year), DHCP (Less than 1 year), DNS. (Less than 1 year), Hardware
troubleshooting. (Less than 1 year), Windows Server 2008 (1 year)

ADDITIONAL INFORMATION

♦ operating Systems
MICROSOFT: Windows server 2008
• Build Windows Active Directory. DNS.
• DHCP Management.
• Diagnosed and corrected medium problems in current network
• User Management and Management of Permissions according to requirement
• File System Management.
• Advanced Hardware/Software Installation, configuration and Management.
• Hardware troubleshooting
MICROSOFT: Windows XP, Window7, Window8 and Window10
• Advanced Hardware/Software Installation, configuration and Management.
• File System Management.
• Hardware troubleshooting..",,Microsoft Certified Windows server 2008 in active directory
180,Technical Support Associate,,Parsuing cs profesional.,,Jiwaji University
181,HR Executive,"HR Executive, HR Executive, HR Trainee Associate","excel, powerpoint, vlookup, formula, filters, paint, recruitment, (1 year)",Founding Years Learning Solutions,"New Horizon College, (Bangalore University), BBM in education, Visvesvaraya Technological University"
182,Python Developer,"Senior System Engineer at Infosys Limited, Senior System Engineer at Infosys Limited, Senior System Engineer at Infosys Limited","Programming Languages Python, Java.

Scripting Language jQuery, JavaScript, Ajax.

Operating Systems: Linux

Databases: SQL, kafka.

Tools and Utilities: Elasticsearch, Prometheus, Grafana, kibana, Docker, Ajax (Less than 1 year), APACHE KAFKA (Less than 1 year), HTML5 (2 years), Java (2 years),
SQL (2 years)

ADDITIONAL INFORMATION

Technical Profile:

Web Technologies Python, JAVA, HTML5.","Infosys, Infosys, Infosys","Galgotias University, B.Tech in ECE"
183,Security Guard,G4S Security,,Infosys,
184,Quality Assurance Engineer,"Quality Analyst, Quality Analyst, Quality Analyst","Manual Testing, Protractor, Selenium Webdriver, Automation Testing, API Testing, Manual Testing

JavaScript

Selenium WebDriver

JASMINE

GitHub","ThoughtWorks Technologies, ThoughtWorks Technologies, ThoughtWorks Technologies","Jaypee Institute Of Information Technology, B.Tech"
185,Senior Technology Support Executive,"Senior Technology Support Executive, Senior Technology Support Executive, Senior Technology Support Executive",,"Infosys, Infosys, Infosys","MS University, B.SC., Anna University"
186,Software Engineer,"Systems Engineer, Systems Engineer, Systems Engineer","ASP (1 year), ASP.NET (1 year), MS ASP (1 year), .NET (1 year), ENGINEER (Less than 1 year)

ADDITIONAL INFORMATION

Technical Skills

Languages C#, MVC 4.0, ASP.NET, JavaScript, JQuery, AJAX, Windows Services, SQL
Server 2012
IDE MS Visual Studio 2015, SQL server 2012
Web Authoring Tools HTML 5, CSS 3.0, XML
Microsoft Office MS PowerPoint, MS Word, MS Visio, MS Excel
Operating Systems Microsoft Windows
Source Code TFS 2013, VSS 2012
Management","Infosys Bangalore, Infosys Bangalore","Anna University, B Tech in Sri Ramakrishna, Birla Institute"
187,QA Engineer,"NOC and QA Engineer, NOC and QA Engineer","Languages C, C++, Java
Database MySQL
Platforms Linux, Windows
Tools JIRA, Application Manager, AppDynamics, AWS, Ecllipse
Web Technologies HTML, PHP, jQuery, AJAX","Skava an Infosys Company, Skava an Infosys Company","Tejaa Shakthi Institute of Technology for Womens, B.E in CSE"
188,Automation Test Engineer,Test Analyst,"CRM (3 years), DATABASE (3 years), ORACLE (3 years), Tosca (3 years), Automation Testing (3
years), Selenium (1 year), Core Java (1 year)

ADDITIONAL INFORMATION

Key Skills:
❖ Software tools: IBM Rational Collaborative Lifecycle Management
❖ Testing Tool: IBM Rational Quality Management on Jazz Server
❖ Test Automation Tools: TOSCA, Selenium
❖ Programming Language: Core Java
❖ IDE: Eclipse
❖ Database: Oracle, EDB, Sqlserver
❖ Database Tools: SQL Developer, Toad, Tora
❖ Software tools: Filezilla, MobaXterm, Putty, Office tools
❖ Platforms: Windows, UNIX
❖ Domain Software Knowledge: Finacle Core Banking Solution, Finacle CRM Solution.

Skills: Fast learner, leadership quality, team player, presentation skills, work devotee, punctual,
good communication and listening skills.","Infosys Ltd/Edgeverve Systems Ltd, Infosys Ltd/Edgeverve Systems Ltd","Lucknow Public Inter College, 2011, Saroj Institute of Technology & Management"
189,Junior Software Developer,trining,"10 Skill Sets
• Quick learner and team player, 9 Computer Languages Known:
• C programming basics
• Core java
• SQL/PLSQL",Infosys,NMAM Institute of Technology
190,Customer Service Representative,"Senior Process Executive, Senior Process Executive","TRAINING (2 years), CASH (Less than 1 year), EXCEL (Less than 1 year), SAP (Less than 1 year),
WINDOWS 7 (Less than 1 year)

ADDITIONAL INFORMATION

-

Good communication skills
Excellent logical reasoning
Innovative and creative
Quick learner
Good knowledge of tools like (SAP, ADMARC, PPI)
Positive attitude to words the problems and solving ability",,University of Rajasthan
191,Automation Test Engineer,"SDET Automation Engineer, SDET Automation Engineer",,"Infosys, Infosys","Kurukshetra University, B.Sc in Computer Science"
192,Data Warehouse Architect,"Technical Lead, Technical Lead, Technical Lead",,"Infosys Ltd, Infosys Ltd, Infosys Ltd","PSG College of Technology, Bachelor of Science in Comp. Technology, PSG College of Technology"
193,SAP PI/PO Developer,"System Engineer, System Engineer, System Engineer","● Corporate Communications
● Creative Team Leadership
● Adept problem solver

• Development of Training Materials
● Strong Analytical and logical skills","Infosys Limited, Infosys Limited, Infosys Limited","PSG COLLEGE OF TECHNOLOGY, ANNA UNIVERSITY, Bachelor of Technology in Information Technology"
194,Cloud Architect,"Project Lead, Project Lead, Project Lead","Sql Server,Cloud Computing,OpenStack, OpenShit, AWS,GCP,Azure, ClouStack,KVM,Hyper-
V,Citrix Xen Server, ESXi, Chef, Ansible, Jenkins, Maven, Sonar Qube, Nexus, Teamcity, Octopus,
(3 years)","Infosys OpenStack, Infosys OpenStack, Infosys OpenStack",Master's
195,Admin Assistant,Admin assistant,"Front office executive (1 year)

ADDITIONAL INFORMATION

TECHNICAL SKILL
• Basic Knowledge of Computer operating
• MS OFFICE (MS excel, Ms Word and Power Point)
• With typing speed 25 wpm
PERSONAL SKILL
• Positive Attitude
• Good decision making
• Good communication skills
• Confident
• Have zeal to learn new things",Infosys limited,Bachelor'
196,Technical Lead,"Principal System Engineer, Principal System Engineer","Networking/Platform/Drivers/Vxworks

ADDITIONAL INFORMATION

Key Strengths
• Over 15 years of experience in Ethernet Data Communication Technology Ethernet Routing
Switches, Metro Ethernet Routing Switches, Platform and Wireless
• Good knowledge of Real Time operating Systems (Vxworks) and Drivers
• Highly skilled in performing analytical and logic building functions to provide feasible solutions
to problems
• Brilliant interpersonal coordination and communication skills
• Competent at leading, managing and training teams on different aspects of data
communication systems

Technical Skill Set
SYSTEMS WORKED ON * Data communication -Multi Service Transport Network Controller Cards,
Ethernet Routing Switch,","Infosys, Infosys, Infosys","Board of Technical Education, B.E. in Computer Science, BITS Pilani"
197,Credit Analyst,"SME, SME","EDD, CDD, credit risk assessment, KYC, Banking, credit risk analysis, Customer Handling,
Portfolio Management, Customer Service",TCS,"West Bengal State University, Bcom"
198,Software Developer,"internship, internship, internship","ADOBE PHOTOSHOP (Less than 1 year), ANDROID (Less than 1 year), APPLICATION SOFTWARE
(Less than 1 year), C++ (Less than 1 year), CSS (Less than 1 year)

ADDITIONAL INFORMATION

Technical skills:

• Programing Languages: C, C++ and JAVA.

• Databases: MySQL, SQL server (SQLyog)

• Web tools: HTML, CSS.

• Operating Systems: Windows (XP, 8, 8.1, 10), Ubuntu, fedora, Linux.","Infosys, Infosys, Infosys",
199,Accountant,accountant,"Computer Skills
@ MS-CIT Course passed with 74 % (Microsoft-word, Excel, and Power-point)
@ Diploma in Financial Accounting with tally 9 Erp. (87%), @ Strong analytical ability @ Good communication skills @ Client relationship management @
Team player",infosys,"2011, shivaji University, B.Com in Accounts"
200,Linux Administrator,Linux Administrator,"file systems (2 years), Linux (2 years), maintenance (2 years), scheduling (2 years)","Infosys, Infosys, Infosys","SRIKALAHASTEESWARA INSTITUTE OF TECHNOLOGY, Bachelor Of Technology in insurance"
201,Entry-Level/Trainee Position,,,Microsoft,"School, 10th"
202,System Administrator,"Microsoft Certified System Engineer, Microsoft Certified System Engineer","Database:
MS-Access
Other:
Hardware & Networking, Core Java, C, C++",,Ramkrishna krida High
203,System Administrator,"System Administrator (Server), System Administrator (Server), System Administrator (Server)",,"Microsoft, Microsoft, Microsoft","Adi Sankara Polytechnic College, DCE, ST.Joseph college"
204,Software Tester,"Microsoft technology Associate (MTA), Microsoft technology Associate (MTA)",,,"Indraprastha Public School, C.B.S.E, Uttrakhand Technical University"
205,Technical Support Engineer,Assisting Microsoft Partners - Exchange Online and Office,,Pune University,Bachelor of Engineering in EnTC
206,Technical Support Specialist,"specialist

Technology Process, specialist - Technology Process",,"Microsoft

Infosys Limited","Acharya Nagarjuna University, MBA, Acharya Nagarjuna University"
207,Microsoft Dynamics AX Technical Consultant,"dynamics AX Technical consultant, Microsoft dynamics AX Technical consultant, Microsoft dynamics AX Technical consultant","asp.net, dynamics ax technical consultant, sql, x++","Microsoft, Microsoft","Sreenidhi Institute of science and technology, BE in Computer science, Indian Terrain Fashions Limited -"
208,Backup Administrator,"Backup Administrator, Backup Administrator, Backup Administrator","Microsoft DPM, EMC Legato Networker & Symantec Backup Exec","BITS Pilani, MICROSOFT, MICROSOFT","Bishop Ambrose College, Bharathiar University, B.Sc in Computer Science, MS in Systems Engineering in Systems Engineering"
209,Jr. Developer,"Jr. Developer, Microsoft SQL-SERVER, Microsoft SQL-SERVER",,Softzel Technologies Pvt. Ltd,"Palesh Commerce College, M.D., RCPET's I.M.R.D College"
210,Customer Service Representative,Customer Care Associate Microsoft,"❖ Smart Working.
❖ Fast and keen learner.
❖ Works well within a team and also independently.
❖ Flexible and high adaptability to new approaches, people and environments.
❖ Professional approach and positive attitude.
❖ Hard working with abstract thinking.
❖ Good personal skills like photography & software issues.
❖ Good Communications Skills",Convergys,
211,System Engineer,"Certified System Engineer, Microsoft, Certified System Engineer",Operating Systems:,,AMIE sec A
212,IT Support Specialist,L1 Analyst in Microsoft project,"SQL (1 year), HTML (Less than 1 year), INCIDENT MANAGEMENT (Less than 1 year), IT
INFRASTRUCTURE (Less than 1 year), MS OFFICE (Less than 1 year)",HCL Technologies,"Indraprastha Engineering College, Uttar Pradesh Technical University, Bachelor of Technology in Computer Science Engineering"
213,Billing Operator,"Microsoft Dainamic Software Billing Operator, Microsoft Dainamic Software Billing Operator",TALLY MICROSOFT DYNAMIC OPARATER MICIT,"PUNE UNIVERCITY, Shreenath Engence
(COFFEEDAY)",B.COM
214,Research Assistant,,"Computer: Proficient in Windows, Word, Excel, Outlook, PowerPoint Language: Fluent in verbal
and written English, Hindi and Bengali, EXCEL (Less than 1 year), OUTLOOK (Less than 1 year), POWERPOINT (Less than 1 year),
WORD (Less than 1 year)",,"St. Paul's Academy, C.B.S.E, Army Public School"
215,SAP UI5 Lead Developer,"Software Engineer, Software Engineer, SAP UI5 Lead, Native HANA Developer","SAP HANA (4 years), SAP UI5/Fiori (4 years), AngularJs (Less than 1 year), Web Development
(8 years), Asp.Net (5 years), C# (4 years), SQL Server (3 years), HTML5 (5 years), Javascript (6
years), CSS3 (6 years), Software Solution Design (2 years), VBA (2 years), SAP BI (2 years)","Shell, Shell, Shell","'O' Level in Computer Application, 'A' Level in Computer Application, University of Calcutta"
216,Environmental Engineer,Student,,,"Government Engineering College Bhuj, BE in Environmental Engineering"
217,IT Manager,"Microsoft Azure (Basic Management), Microsoft Azure (Basic Management), Microsoft Azure (Basic Management)","DATA BACKUP (1 year), EXCHANGE (1 year), LAN (1 year), MAINTENANCE (1 year), SAP (1 year)",,
218,Financial Analyst,"Microsoft Office Suite - Expert, Microsoft Office Suite - Expert","AUDITING (Less than 1 year), CFA (Less than 1 year), DERIVATIVES (Less than 1 year),
FINANCIAL ANALYST (Less than 1 year), FINANCIAL STATEMENT ANALYSIS (Less than 1 year)",,
219,PMO Analyst,"PMO, PMO, PMO","Excel (10+ years), Operations (7 years), Project management (5 years)","Infosys BPO Ltd, Infosys BPO Ltd, Infosys BPO Ltd","Ramakrishna College, B.Sc. in Biochemistry in Biochemistry, Bharathiar University"
220,Security Analyst,"Security Analyst, Security Analyst","Splunk, Network Security, Arc sight (2 years), SIEM (2 years), McAfee ESM (1 year)",Infosys - Career Contour,"Jawaharlal Nehru Technological University, B- Tech"
